Cell_Index,TRA,TRB,TRAV,TRAJ,TRBV,TRBJ,MHC,Score
1044547,CAAAQRSASKIIF,CLLWAGHRDAEITQSPRHKITETGRQVTLACHQTWNHNNMFWYRQDLGHGLRLIHYSYGVQDTNKGEVSDGYSVSRSNTEDLPLTLESAASSQTSVYFCASSAGTSGVSDTQYFGPGTRLTVLEDLKNVFPPEVAVF,TRAV13-1,TRAJ3,TRBV10-1,TRBJ2-3,HLA-A*02,0
18110,CAEGRAANLPCNHSTISGNEYVYWYRQIHSQGPQYIIHGLKNNETNEMASLIITEDRKSSTLILPHATLRDTAVYYCIVRVLNTDKLIFGTGTRLQVFPNIQNPDPAVYQLRDSKSSDKSVCLFTDF,CQRGTSLTIQCQVDSQVTMMFWYRQQPGQSLTLIATANQGSEATYESGFVIDKFPISRPNLTFSTLTVSNMSPEDSSIYLCSVVGPVEAFFGQGTRLTVVEDLNKVFPPEVAVF,TRAV26-1,TRAJ34,TRBV29-1,TRBJ1-1,HLA-A*02,0
2668485,CAEVGSNDCKLSF,CPDPAMGTSLLCWVVLGFLGTDHTGAGVSQSPRYKVTKRGQDVALRCDPISGHVSLYWYRQALGQGPEFLTYFNYEAQQDKSGLPNDRFSAERPEGSISTLTIQRTEQRDSAMYRCASSLRQNEQFFGPGTRLTVLEDLKNVFPPEVAVF,TRAV8-3,TRAJ20,TRBV7-6,TRBJ2-1,HLA-A*02,0
1509895,CAFGPYNTDKLIFGTGTRLQVFPNIQNPDPAVYQLRDSKSSDKSVCLFTDF,CASSLAGGGASGELFFGEGSRLTVLEDLKNVFPPEVAVF,TRAV24,TRAJ34,TRBV7-6,TRBJ2-2,HLA-A*02,0
615602,CAFIVLWLQLGWLSGEDQVTQSPEALRLQEGESSSLNCGYTVSGLRGLFWYRQDPGKGPEFLFTLYSAGEEKEKERLKATLTKKESFLHITAPKPEDSATYLCAVLAEGGKLIFGQGTELSVKPNIQNPDPAVYQLRDSKSSDKSVCLFTDF,CLLGAGPLEAQVTQNPRYLITVTGKKLTVTCSQNMNHEYMSWYRQDPGLGLRQIYYSMNVEVTDKGDVPEGYKVSRKEKRNFPLILESPSPNQTSLYFCASSLWGSPLHFGNGTRLTVTEDLNKVFPPEVAVF,TRAV20,TRAJ23,TRBV27,TRBJ1-6,HLA-A*02,0
7374383,CAFIVLWLQLGWLSGEDQVTQSPEALRLQEGESSSLNCSYTVSGLRGLFWYRQDPGKGPEFLFTLYSAGEEKEKERLKATLTKKESFLHITAPKPEDSATYLCAVGAGGTSYGKLTFGQGTILTVHPNIQNPDPAVYQLRDSKSSDKSVCLFTDF,CRLLCCAVLCLLGAVPIDTEVTQTPKHLVMGMTNKKSLKCEQHMGHRAMYWYKQKAKKPPELMFVYSYEKLSINESVPSRFSPECPNSSLLNLHLHALQPEDSALYLCASGWNTEAFFGQGTRLTVVEDLNKVFPPEVAVF,TRAV20,TRAJ52,TRBV4-1,TRBJ1-1,HLA-A*02,0
6064535,CAFIVLWLQLGWLSGEDQVTQSPEALRLQEGESSSLNCSYTVSGLRGLFWYRQDPGKGPEFLFTLYSAGEEKEKERLKATLTKKESFLHITAPKPEDSATYLCAVLAEGGKLIF,CASSLWGSPLHFGNGTRLTVTEDLNKVFPPEVAVF,TRAV20,TRAJ23,TRBV27,TRBJ1-6,HLA-A*02,0
12693525,CAFIVLWLQLGWLSGEDQVTQSPEALRLQEGESSSLNCSYTVSGLRGLFWYRQDPGKGPEFLFTLYSAGEEKEKERLKATLTKKESFLHITAPKPEDSATYLCAVLAEGGKLIF,CLLGAGPLEAQVTQNPRYLITVTGKKLTVTCSQNMNHEYMSWYRQDPGLGLRQIYYSMNVEVTDKGDVPEGYKVSRKEKRNFPLILESPSPNQTSLYFCASSLWGSPLHFGNGTRLTVTEDLNKVFPPEVAVF,TRAV20,TRAJ23,TRBV27,TRBJ1-6,HLA-A*02,0
7538734,CAFIVLWLQLGWLSGEDQVTQSPEALRLQEGESSSLNCSYTVSGLRGLFWYRQDPGKGPEFLFTLYSAGEEKEKERLKATLTKKESFLHITAPKPEDSATYLCAVLAEGGKLIFGQGTELSVKPNIQNPDPAVYQLRDSKSSDKSVCLFTDF,CASSFGDRDTDTQYSGPGTRLTVLEDLKNVFPPEVAVF,TRAV20,TRAJ23,TRBV5-1,TRBJ2-3,HLA-A*02,0
7680852,CAFIVLWLQLGWLSGEDQVTQSPEALRLQEGESSSLNCSYTVSGLRGLFWYRQDPGKGPEFLFTLYSAGEEKEKERLKATLTKKESFLHITAPKPEDSATYLCAVLAEGGKLIFGQGTELSVKPNIQNPDPAVYQLRDSKSSDKSVCLFTDF,CASSLWGSPLHFGNGTRLTVTEDLNKVFPPEVAVF,TRAV20,TRAJ23,TRBV27,TRBJ1-6,HLA-A*02,0
7679630,CAFIVLWLQLGWLSGEDQVTQSPEALRLQEGESSSLNCSYTVSGLRGLFWYRQDPGKGPEFLFTLYSAGEEKEKERLKATLTKKESFLHITAPKPEDSATYLCAVLAEGGKLIFGQGTELSVKPNIQNPDPAVYQLRDSKSSDKSVCLFTDF,CERRSYGVAPPSPNQTSLYFCASSLWGSPLHFGNGTRLTVTEDLNKVFPPEVAVF,TRAV20,TRAJ23,TRBV27,TRBJ1-6,HLA-A*02,0
473930,CAFIVLWLQLGWLSGEDQVTQSPEALRLQEGESSSLNCSYTVSGLRGLFWYRQDPGKGPEFLFTLYSAGEEKEKERLKATLTKKESFLHITAPKPEDSATYLCAVLAEGGKLIFGQGTELSVKPNIQNPDPAVYQLRDSKSSDKSVCLFTDF,CLLGAGPLEAQVTQNPRYLITVTGKKLTVTCSQNMNHEYMSWYRQDPGLGLRQIYYSMNVEVTDKGDVPEGYKVSRKEKRNFPLILESPSPNQTSLYFCASSLWGSPLHF,TRAV20,TRAJ23,TRBV27,TRBJ1-6,HLA-A*02,1
14035652,CAFIVLWLQLGWLSGEDQVTQSPEALRLQEGESSSLNCSYTVSGLRGLFWYRQDPGKGPEFLFTLYSAGEEKEKERLKATLTKKESFLHITAPKPEDSATYLCAVLAEGGKLIFGQGTELSVKPNIQNPDPAVYQLRDSKSSDKSVCLFTDF,CLLGAGPLEAQVTQNPRYLITVTGKKLTVTCSQNMNHEYMSWYRQDPGLGLRQIYYSMNVEVTDKGDVPEGYKVSRKEKRNFPLILESPSPNQTSLYFCASSLWGSPLHFGNGTRLTVTEDLNKVFPPEVAVF,TRAV20,TRAJ23,TRBV27,TRBJ1-6,HLA-A*02,1
13442713,CAFIVLWLQLGWLSGEDQVTQSPEALRLQEGESSSLNCSYTVSGLRGLFWYRQDPGKGPEFLFTLYSAGEEKEKERLKATLTKKESFLHITAPKPEDSATYLCAVLAEGGKLIFGQGTELSVKPNIQNPDPAVYQLRDSKSSDKSVCLFTDF,CLLGAGPLEAQVTQNPRYLITVTGKKLTVTCSQNMNHEYMSWYRQDPGLGLRQIYYSMNVEVTDKGDVPEGYKVSRKEKRNFPLILESPSPNQTSLYFCASSLWGSPLHFGNGTRLTVTEDLNKVFPPEVAVF,TRAV20,TRAJ23,TRBV27,TRBJ1-6,HLA-A*02,1
13303693,CAFIVLWLQLGWLSGEDQVTQSPEALRLQEGESSSLNCSYTVSGLRGLFWYRQDPGKGPEFLFTLYSAGEEKEKERLKATLTKKESFLHITAPKPEDSATYLCAVLAEGGKLIFGQGTELSVKPNIQNPDPAVYQLRDSKSSDKSVCLFTDF,CLLGAGPLEAQVTQNPRYLITVTGKKLTVTCSQNMNHEYMSWYRQDPGLGLRQIYYSMNVEVTDKGDVPEGYKVSRKEKRNFPLILESPSPNQTSLYFCASSLWGSPLHFGNGTRLTVTEDLNKVFPPEVAVF,TRAV20,TRAJ23,TRBV27,TRBJ1-6,HLA-A*02,1
13274155,CAFIVLWLQLGWLSGEDQVTQSPEALRLQEGESSSLNCSYTVSGLRGLFWYRQDPGKGPEFLFTLYSAGEEKEKERLKATLTKKESFLHITAPKPEDSATYLCAVLAEGGKLIFGQGTELSVKPNIQNPDPAVYQLRDSKSSDKSVCLFTDF,CLLGAGPLEAQVTQNPRYLITVTGKKLTVTCSQNMNHEYMSWYRQDPGLGLRQIYYSMNVEVTDKGDVPEGYKVSRKEKRNFPLILESPSPNQTSLYFCASSLWGSPLHFGNGTRLTVTEDLNKVFPPEVAVF,TRAV20,TRAJ23,TRBV27,TRBJ1-6,HLA-A*02,1
12687384,CAFIVLWLQLGWLSGEDQVTQSPEALRLQEGESSSLNCSYTVSGLRGLFWYRQDPGKGPEFLFTLYSAGEEKEKERLKATLTKKESFLHITAPKPEDSATYLCAVLAEGGKLIFGQGTELSVKPNIQNPDPAVYQLRDSKSSDKSVCLFTDF,CLLGAGPLEAQVTQNPRYLITVTGKKLTVTCSQNMNHEYMSWYRQDPGLGLRQIYYSMNVEVTDKGDVPEGYKVSRKEKRNFPLILESPSPNQTSLYFCASSLWGSPLHFGNGTRLTVTEDLNKVFPPEVAVF,TRAV20,TRAJ23,TRBV27,TRBJ1-6,HLA-A*02,1
12111788,CAFIVLWLQLGWLSGEDQVTQSPEALRLQEGESSSLNCSYTVSGLRGLFWYRQDPGKGPEFLFTLYSAGEEKEKERLKATLTKKESFLHITAPKPEDSATYLCAVLAEGGKLIFGQGTELSVKPNIQNPDPAVYQLRDSKSSDKSVCLFTDF,CLLGAGPLEAQVTQNPRYLITVTGKKLTVTCSQNMNHEYMSWYRQDPGLGLRQIYYSMNVEVTDKGDVPEGYKVSRKEKRNFPLILESPSPNQTSLYFCASSLWGSPLHFGNGTRLTVTEDLNKVFPPEVAVF,TRAV20,TRAJ23,TRBV27,TRBJ1-6,HLA-A*02,1
11966285,CAFIVLWLQLGWLSGEDQVTQSPEALRLQEGESSSLNCSYTVSGLRGLFWYRQDPGKGPEFLFTLYSAGEEKEKERLKATLTKKESFLHITAPKPEDSATYLCAVLAEGGKLIFGQGTELSVKPNIQNPDPAVYQLRDSKSSDKSVCLFTDF,CLLGAGPLEAQVTQNPRYLITVTGKKLTVTCSQNMNHEYMSWYRQDPGLGLRQIYYSMNVEVTDKGDVPEGYKVSRKEKRNFPLILESPSPNQTSLYFCASSLWGSPLHFGNGTRLTVTEDLNKVFPPEVAVF,TRAV20,TRAJ23,TRBV27,TRBJ1-6,HLA-A*02,1
11677855,CAFIVLWLQLGWLSGEDQVTQSPEALRLQEGESSSLNCSYTVSGLRGLFWYRQDPGKGPEFLFTLYSAGEEKEKERLKATLTKKESFLHITAPKPEDSATYLCAVLAEGGKLIFGQGTELSVKPNIQNPDPAVYQLRDSKSSDKSVCLFTDF,CLLGAGPLEAQVTQNPRYLITVTGKKLTVTCSQNMNHEYMSWYRQDPGLGLRQIYYSMNVEVTDKGDVPEGYKVSRKEKRNFPLILESPSPNQTSLYFCASSLWGSPLHFGNGTRLTVTEDLNKVFPPEVAVF,TRAV20,TRAJ23,TRBV27,TRBJ1-6,HLA-A*02,1
11670154,CAFIVLWLQLGWLSGEDQVTQSPEALRLQEGESSSLNCSYTVSGLRGLFWYRQDPGKGPEFLFTLYSAGEEKEKERLKATLTKKESFLHITAPKPEDSATYLCAVLAEGGKLIFGQGTELSVKPNIQNPDPAVYQLRDSKSSDKSVCLFTDF,CLLGAGPLEAQVTQNPRYLITVTGKKLTVTCSQNMNHEYMSWYRQDPGLGLRQIYYSMNVEVTDKGDVPEGYKVSRKEKRNFPLILESPSPNQTSLYFCASSLWGSPLHFGNGTRLTVTEDLNKVFPPEVAVF,TRAV20,TRAJ23,TRBV27,TRBJ1-6,HLA-A*02,1
9296683,CAFIVLWLQLGWLSGEDQVTQSPEALRLQEGESSSLNCSYTVSGLRGLFWYRQDPGKGPEFLFTLYSAGEEKEKERLKATLTKKESFLHITAPKPEDSATYLCAVLAEGGKLIFGQGTELSVKPNIQNPDPAVYQLRDSKSSDKSVCLFTDF,CLLGAGPLEAQVTQNPRYLITVTGKKLTVTCSQNMNHEYMSWYRQDPGLGLRQIYYSMNVEVTDKGDVPEGYKVSRKEKRNFPLILESPSPNQTSLYFCASSLWGSPLHFGNGTRLTVTEDLNKVFPPEVAVF,TRAV20,TRAJ23,TRBV27,TRBJ1-6,HLA-A*02,1
8288302,CAFIVLWLQLGWLSGEDQVTQSPEALRLQEGESSSLNCSYTVSGLRGLFWYRQDPGKGPEFLFTLYSAGEEKEKERLKATLTKKESFLHITAPKPEDSATYLCAVLAEGGKLIFGQGTELSVKPNIQNPDPAVYQLRDSKSSDKSVCLFTDF,CLLGAGPLEAQVTQNPRYLITVTGKKLTVTCSQNMNHEYMSWYRQDPGLGLRQIYYSMNVEVTDKGDVPEGYKVSRKEKRNFPLILESPSPNQTSLYFCASSLWGSPLHFGNGTRLTVTEDLNKVFPPEVAVF,TRAV20,TRAJ23,TRBV27,TRBJ1-6,HLA-A*02,1
7844001,CAFIVLWLQLGWLSGEDQVTQSPEALRLQEGESSSLNCSYTVSGLRGLFWYRQDPGKGPEFLFTLYSAGEEKEKERLKATLTKKESFLHITAPKPEDSATYLCAVLAEGGKLIFGQGTELSVKPNIQNPDPAVYQLRDSKSSDKSVCLFTDF,CLLGAGPLEAQVTQNPRYLITVTGKKLTVTCSQNMNHEYMSWYRQDPGLGLRQIYYSMNVEVTDKGDVPEGYKVSRKEKRNFPLILESPSPNQTSLYFCASSLWGSPLHFGNGTRLTVTEDLNKVFPPEVAVF,TRAV20,TRAJ23,TRBV27,TRBJ1-6,HLA-A*02,1
6523413,CAFIVLWLQLGWLSGEDQVTQSPEALRLQEGESSSLNCSYTVSGLRGLFWYRQDPGKGPEFLFTLYSAGEEKEKERLKATLTKKESFLHITAPKPEDSATYLCAVLAEGGKLIFGQGTELSVKPNIQNPDPAVYQLRDSKSSDKSVCLFTDF,CLLGAGPLEAQVTQNPRYLITVTGKKLTVTCSQNMNHEYMSWYRQDPGLGLRQIYYSMNVEVTDKGDVPEGYKVSRKEKRNFPLILESPSPNQTSLYFCASSLWGSPLHFGNGTRLTVTEDLNKVFPPEVAVF,TRAV20,TRAJ23,TRBV27,TRBJ1-6,HLA-A*02,1
4895668,CAFIVLWLQLGWLSGEDQVTQSPEALRLQEGESSSLNCSYTVSGLRGLFWYRQDPGKGPEFLFTLYSAGEEKEKERLKATLTKKESFLHITAPKPEDSATYLCAVLAEGGKLIFGQGTELSVKPNIQNPDPAVYQLRDSKSSDKSVCLFTDF,CLLGAGPLEAQVTQNPRYLITVTGKKLTVTCSQNMNHEYMSWYRQDPGLGLRQIYYSMNVEVTDKGDVPEGYKVSRKEKRNFPLILESPSPNQTSLYFCASSLWGSPLHFGNGTRLTVTEDLNKVFPPEVAVF,TRAV20,TRAJ23,TRBV27,TRBJ1-6,HLA-A*02,1
4579658,CAFIVLWLQLGWLSGEDQVTQSPEALRLQEGESSSLNCSYTVSGLRGLFWYRQDPGKGPEFLFTLYSAGEEKEKERLKATLTKKESFLHITAPKPEDSATYLCAVLAEGGKLIFGQGTELSVKPNIQNPDPAVYQLRDSKSSDKSVCLFTDF,CLLGAGPLEAQVTQNPRYLITVTGKKLTVTCSQNMNHEYMSWYRQDPGLGLRQIYYSMNVEVTDKGDVPEGYKVSRKEKRNFPLILESPSPNQTSLYFCASSLWGSPLHFGNGTRLTVTEDLNKVFPPEVAVF,TRAV20,TRAJ23,TRBV27,TRBJ1-6,HLA-A*02,1
3867679,CAFIVLWLQLGWLSGEDQVTQSPEALRLQEGESSSLNCSYTVSGLRGLFWYRQDPGKGPEFLFTLYSAGEEKEKERLKATLTKKESFLHITAPKPEDSATYLCAVLAEGGKLIFGQGTELSVKPNIQNPDPAVYQLRDSKSSDKSVCLFTDF,CLLGAGPLEAQVTQNPRYLITVTGKKLTVTCSQNMNHEYMSWYRQDPGLGLRQIYYSMNVEVTDKGDVPEGYKVSRKEKRNFPLILESPSPNQTSLYFCASSLWGSPLHFGNGTRLTVTEDLNKVFPPEVAVF,TRAV20,TRAJ23,TRBV27,TRBJ1-6,HLA-A*02,1
3250619,CAFIVLWLQLGWLSGEDQVTQSPEALRLQEGESSSLNCSYTVSGLRGLFWYRQDPGKGPEFLFTLYSAGEEKEKERLKATLTKKESFLHITAPKPEDSATYLCAVLAEGGKLIFGQGTELSVKPNIQNPDPAVYQLRDSKSSDKSVCLFTDF,CLLGAGPLEAQVTQNPRYLITVTGKKLTVTCSQNMNHEYMSWYRQDPGLGLRQIYYSMNVEVTDKGDVPEGYKVSRKEKRNFPLILESPSPNQTSLYFCASSLWGSPLHFGNGTRLTVTEDLNKVFPPEVAVF,TRAV20,TRAJ23,TRBV27,TRBJ1-6,HLA-A*02,1
3110022,CAFIVLWLQLGWLSGEDQVTQSPEALRLQEGESSSLNCSYTVSGLRGLFWYRQDPGKGPEFLFTLYSAGEEKEKERLKATLTKKESFLHITAPKPEDSATYLCAVLAEGGKLIFGQGTELSVKPNIQNPDPAVYQLRDSKSSDKSVCLFTDF,CLLGAGPLEAQVTQNPRYLITVTGKKLTVTCSQNMNHEYMSWYRQDPGLGLRQIYYSMNVEVTDKGDVPEGYKVSRKEKRNFPLILESPSPNQTSLYFCASSLWGSPLHFGNGTRLTVTEDLNKVFPPEVAVF,TRAV20,TRAJ23,TRBV27,TRBJ1-6,HLA-A*02,1
2819343,CAFIVLWLQLGWLSGEDQVTQSPEALRLQEGESSSLNCSYTVSGLRGLFWYRQDPGKGPEFLFTLYSAGEEKEKERLKATLTKKESFLHITAPKPEDSATYLCAVLAEGGKLIFGQGTELSVKPNIQNPDPAVYQLRDSKSSDKSVCLFTDF,CLLGAGPLEAQVTQNPRYLITVTGKKLTVTCSQNMNHEYMSWYRQDPGLGLRQIYYSMNVEVTDKGDVPEGYKVSRKEKRNFPLILESPSPNQTSLYFCASSLWGSPLHFGNGTRLTVTEDLNKVFPPEVAVF,TRAV20,TRAJ23,TRBV27,TRBJ1-6,HLA-A*02,1
2387392,CAFIVLWLQLGWLSGEDQVTQSPEALRLQEGESSSLNCSYTVSGLRGLFWYRQDPGKGPEFLFTLYSAGEEKEKERLKATLTKKESFLHITAPKPEDSATYLCAVLAEGGKLIFGQGTELSVKPNIQNPDPAVYQLRDSKSSDKSVCLFTDF,CLLGAGPLEAQVTQNPRYLITVTGKKLTVTCSQNMNHEYMSWYRQDPGLGLRQIYYSMNVEVTDKGDVPEGYKVSRKEKRNFPLILESPSPNQTSLYFCASSLWGSPLHFGNGTRLTVTEDLNKVFPPEVAVF,TRAV20,TRAJ23,TRBV27,TRBJ1-6,HLA-A*02,1
2073294,CAFIVLWLQLGWLSGEDQVTQSPEALRLQEGESSSLNCSYTVSGLRGLFWYRQDPGKGPEFLFTLYSAGEEKEKERLKATLTKKESFLHITAPKPEDSATYLCAVLAEGGKLIFGQGTELSVKPNIQNPDPAVYQLRDSKSSDKSVCLFTDF,CLLGAGPLEAQVTQNPRYLITVTGKKLTVTCSQNMNHEYMSWYRQDPGLGLRQIYYSMNVEVTDKGDVPEGYKVSRKEKRNFPLILESPSPNQTSLYFCASSLWGSPLHFGNGTRLTVTEDLNKVFPPEVAVF,TRAV20,TRAJ23,TRBV27,TRBJ1-6,HLA-A*02,1
1802969,CAFIVLWLQLGWLSGEDQVTQSPEALRLQEGESSSLNCSYTVSGLRGLFWYRQDPGKGPEFLFTLYSAGEEKEKERLKATLTKKESFLHITAPKPEDSATYLCAVLAEGGKLIFGQGTELSVKPNIQNPDPAVYQLRDSKSSDKSVCLFTDF,CLLGAGPLEAQVTQNPRYLITVTGKKLTVTCSQNMNHEYMSWYRQDPGLGLRQIYYSMNVEVTDKGDVPEGYKVSRKEKRNFPLILESPSPNQTSLYFCASSLWGSPLHFGNGTRLTVTEDLNKVFPPEVAVF,TRAV20,TRAJ23,TRBV27,TRBJ1-6,HLA-A*02,1
1779851,CAFIVLWLQLGWLSGEDQVTQSPEALRLQEGESSSLNCSYTVSGLRGLFWYRQDPGKGPEFLFTLYSAGEEKEKERLKATLTKKESFLHITAPKPEDSATYLCAVLAEGGKLIFGQGTELSVKPNIQNPDPAVYQLRDSKSSDKSVCLFTDF,CLLGAGPLEAQVTQNPRYLITVTGKKLTVTCSQNMNHEYMSWYRQDPGLGLRQIYYSMNVEVTDKGDVPEGYKVSRKEKRNFPLILESPSPNQTSLYFCASSLWGSPLHFGNGTRLTVTEDLNKVFPPEVAVF,TRAV20,TRAJ23,TRBV27,TRBJ1-6,HLA-A*02,1
907039,CAFIVLWLQLGWLSGEDQVTQSPEALRLQEGESSSLNCSYTVSGLRGLFWYRQDPGKGPEFLFTLYSAGEEKEKERLKATLTKKESFLHITAPKPEDSATYLCAVLAEGGKLIFGQGTELSVKPNIQNPDPAVYQLRDSKSSDKSVCLFTDF,CLLGAGPLEAQVTQNPRYLITVTGKKLTVTCSQNMNHEYMSWYRQDPGLGLRQIYYSMNVEVTDKGDVPEGYKVSRKEKRNFPLILESPSPNQTSLYFCASSLWGSPLHFGNGTRLTVTEDLNKVFPPEVAVF,TRAV20,TRAJ23,TRBV27,TRBJ1-6,HLA-A*02,1
148612,CAFIVLWLQLGWLSGEDQVTQSPEALRLQEGESSSLNCSYTVSGLRGLFWYRQDPGKGPEFLFTLYSAGEEKEKERLKATLTKKESFLHITAPKPEDSATYLCAVLAEGGKLIFGQGTELSVKPNIQNPDPAVYQLRDSKSSDKSVCLFTDF,CLLGAGPLEAQVTQNPRYLITVTGKKLTVTCSQNMNHEYMSWYRQDPGLGLRQIYYSMNVEVTDKGDVPEGYKVSRKEKRNFPLILESPSPNQTSLYFCASSLWGSPLHFGNGTRLTVTEDLNKVFPPEVAVF,TRAV20,TRAJ23,TRBV27,TRBJ1-6,HLA-A*02,1
6364432,CAFIVLWLQLGWLSGEDQVTQSPEALRLQEGESSSLNCSYTVSGLRGLFWYRQDPGKGPEFLFTLYSAGEEKEKERLKATLTKKESFLHITAPKPEDSATYLCAVLAEGGKLIFGQGTELSVKPNIQNPDPAVYQLRDSKSSDKSVCLFTDF,CVGGRGALILESPSPNQTSLYFCASSLWGSPLHFGNGTRLTVTEDLNKVFPPEVAVF,TRAV20,TRAJ23,TRBV27,TRBJ1-6,HLA-A*02,0
3131968,CAFIVLWLQLGWLSGEDQVTQSPEALRLQEGESSSLNCSYTVSGLRGLFWYRQDPGKGPEFLFTLYSAGEEKEKERLKATLTKKESFLHITAPKPEDSATYLCAVQFGLSGGYNKLIFGAGTRLAVHPYIQNPDPAVYQLRDSKSSDKSVCLFTDF,CPSSFAVAHSDPDWAKLPSFPDPAMGTRLLCWAALCLLGAELTEAGVAQSPRYKIIEKRQSVAFWCNPISGHATLYWYQQILGQGPKLLIQFQNNGVVDDSQLPKDRFSAERLKGVDSTLKIQPAKLEDSAVYLCASSTSSVWRGDTQYFGPGTRLTVLEDLKNVFPPEVAVF,TRAV20,TRAJ4,TRBV11-2,TRBJ2-3,HLA-A*02,0
2985296,CAFIVLWLQLGWLSGEDQVTQSPEALRLQEGESSSLNCSYTVSVLRGLFWYRQDPGKGPEFLFTLYSAGEEKEKERLKATLTKKESFLHITAPKPEDSATYLCAVLAEGGKLIFGQGTELSVKPNIQNPDPAVYQLRDSKSSDKSVCLFTDF,CLLGAGPLEAQVTQNPRYLITVTGKKLTVTCSQNMNHEYMSWYRQDPGLGLRQIYYSMNVEVTDKGDVPEGYKVSRKEKRNFPLILESPSPNQTSLYFCASSLWGSPLHFGNGTRLTVTEDLNKVFPPEVAVF,TRAV20,TRAJ23,TRBV27,TRBJ1-6,HLA-A*02,0
4424520,CAQGTGGSYIPTF,CRLLCCAVLCLLGAVPIDTEVTQTPKHLVMGMTNKKSLKCEQHMGHRAMYWYKQKAKKPPELMFVYSYEKLSINESVPSRFSPECPNSSLLNLHLHALQPEDSALYLCASSQAPGLAGGTKSEQYFGPGTRLTVTEDLKNVFPPEVAVF,TRAV6,TRAJ6,TRBV4-1,TRBJ2-7,HLA-A*02,0
4875342,CASPPDTGNQFYFGTGTSLTVIPNIQNPDPAVYQLRDSKSSDKSVCLFTDF,CASSLDPTSQETQYFGPGTRLLVLEDLKNVFPPEVAVF,TRAV24,TRAJ49,TRBV11-2,TRBJ2-5,HLA-A*02,0
5604881,CAVNAINTDKLIF,CDPISGHVSLYWYRQALGQGPEFLTYFNYEAQQDKSGLPNDRFSAERPEGSISTLTIQRTEQRDSAMYRCASRSGTGGNQPQHFGDGTRLSILEDLNKVFPPEVAVF,TRAV8-1,TRAJ34,TRBV7-6,TRBJ1-5,HLA-A*02,0
3866519,CAYSNSASDYFIWYKQESGKGPQFIIDIRSNMDKRQGQRVTVLLNKTVKHLSLQIAATQPGDSAVYFCAESWSYQKVTFGTGTKLQVIPNIQNPDPAVYQLRDSKSSDKSVCLFTDF,CGAFYLLGTGSMDADVTQTPRNRITKTGKRIMLECSQTKGHDRMYWYRQDPGLGLRLIYYSFDVKDINKGEISDGYSVSRQAQAKFSLSLESAIPNQTALYFCATSASSGGGETQYFGPGTRLLVLEDLKNVFPPEVAVF,TRAV13-2,TRAJ13,TRBV24-1,TRBJ2-5,HLA-A*02,0
11949318,CCVRGIQVEQSPPDLILQEGANSTLRCNFSDSVNNLQWFHQNPWGQLINLFYIPSGTKQNGRLSATTVATERYSLLYISSSQTTDSGVYFCAVEGDSGTYKYIFGTGTRLKVLANIQNPDPAVYQLRDSKSSDKSVCLFTDF,CWVVLGFLGTDHTGAGVSQSPRYKVAKRGQDVALRCDPISGHVSLFWYQQALGQGPEFLTYFQNEAQLDKSGLPSDRFFAERPEGSVSTLKIQRTQQEDSAVYLCASSLGLSLYEQYFGPGTRLTVTEDLKNVFPPEVAVF,TRAV22,TRAJ40,TRBV7-8,TRBJ2-7,HLA-A*02,0
6372117,CDYTNSMFDYFLWYKKYPAEGPTFLISISSIKDKNEDGRFTVFLNKSAKHLSLHIVPSQPGDSAVYFCAASANNQFYFGTGTSLTVIPNIQNPDPAVYQLRDSKSSDKSVCLFTDF,CWVLLCLLGAGSVETGVTQSPTHLIKTRGQQVTLRCSSQSGHNTVSWYQQALGQGPQFIFQYYREEENGRGNFPPRFSGLQFPNYSSELNVNALELDDSALYLCASSLDGYTGELFFGEGSRLTVLEDLKNVFPPEVAVF,TRAV29DV5,TRAJ49,TRBV5-4,TRBJ2-2,HLA-A*02,0
5607997,CDYTNSMFDYFLWYKKYPAEGPTFLISISSIKDKNEDGRFTVFLNKSAKHLSLHIVPSQPGDSAVYFCAASANNQFYFGTGTSLTVIPNIQNPDPAVYQLRDSKSSDKSVCLFTDF,CWVLLCLLGAGSVETGVTQSPTHLIKTRGQQVTLRCSSQSGHNTVSWYQQALGQGPQFIFQYYREEENGRGNFPPRFSGLQFPNYSSELNVNALELDDSALYLCASSLDGYTGELFFGEGSRLTVLEDLKNVFPPEVAVF,TRAV29DV5,TRAJ49,TRBV5-4,TRBJ2-2,HLA-A*02,0
2979935,CDYTNSMFDYFLWYKKYPAEGPTFLISISSIKDKNEDGRFTVFLNKSAKHLSLHIVPSQPGDSAVYFCAASANNQFYFGTGTSLTVIPNIQNPDPAVYQLRDSKSSDKSVCLFTDF,CWVLLCLLGAGSVETGVTQSPTHLIKTRGQQVTLRCSSQSGHNTVSWYQQALGQGPQFIFQYYREEENGRGNFPPRFSGLQFPNYSSELNVNALELDDSALYLCASSLDGYTGELFFGEGSRLTVLEDLKNVFPPEVAVF,TRAV29DV5,TRAJ49,TRBV5-4,TRBJ2-2,HLA-A*02,0
4727852,CDYTNSMFDYFLWYKKYPAEGPTFLISISSIKDKNEDGRFTVFLNKSAKHLSLHIVPSQPGDSAVYFCAASATWGAQKLVFGQGTRLTINPNIQNPDPAVYQLRDSKSSDKSVCLFTDF,CCVAFCLLGAGPVDSGVTQTPKHLITATGQRVTLRCSPRSGDLSVYWYQQSLDQGLQFLIQYYNGEERAKGNILERFSAQQFPDLHSELNLSSLELGDSALYFCASSVEGWTGDGYTFGSGTRLTVVEDLNKVFPPEVAVF,TRAV29DV5,TRAJ54,TRBV9,TRBJ1-2,HLA-A*02,0
602914,CDYTNSMFDYFLWYKKYPAEGPTFLISISSIKDKNEDGRFTVFLNKSAKHLSLHIVPSQPGDSAVYFCAASEANAGGTSYGKLTFGQGTILTVHPNIQNPDPAVYQLRDSKSSDKSVCLFTDF,CCAAFPLLWAGPVNAGVTQTPKFRILKIGQSMTLQCAQDMNHNYMYWYRQDPGMGLKLIYYSVGAGITDKGEVPNGYNVSRSTTEDFPLRLELAAPSQTSVYFCASSYGARSVDTQYFGPGTRLTVLEDLKNVFPPDVAVF,TRAV29DV5,TRAJ52,TRBV6-6,TRBJ2-3,HLA-A*02,0
4595012,CEATYRKETTSFHLEKGSVQVSDSAVYFCALNSNQAGTALIF,CRRDGDPAMSTRLLCWMALCLLGAELSEAEVAQSPRYKITEKSQAVAFWCDPISGHATLYWYRQILGQGPELLVQFQDESVVDDSQLPKDRFSAERLKGVDSTLKIQPAELGDSAMYLCASSLGTSIYEQYFGPGTRLTVTEDLKNVFPPEVAVF,TRAV9-2,TRAJ15,TRBV11-1,TRBJ2-7,HLA-A*02,0
7081736,CGDARHDRSLHITAPQPGDTGLYLCAGGEVARGGADGLTF,CCDPAMDTWLVCWAIFSLLKAGLTEPEVTQTPSHQVTQMGQEVILRCVPISNHLYFYWYRQILGQKVEFLVSFYNNEISEKSEIFDDQFSVERPDGSNFTLKIRSTKLEDSAMYFCASVPEGGLSYEQYFGPGTRLTVTEDLKNVFPPEVAVF,TRAV27,TRAJ45,TRBV2,TRBJ2-7,HLA-A*02,0
6812590,CGFKTFVASLFWYVQYPGEGLQLLLKATKADDKGSNKGFEATYRKETTSFHLEKGSVQVSDSAVYFCALGYSSASKIIFGSGTRLSIRPNIQNPDPAVYQLRDSKSSDKSVCLFTDF,CWMALCLLGADHADTGVSQDPRHKITKRGQNVTFRCDPISEHNRLYWYRQTLGQGPEFLTYFQNEAQLEKSRLLSDRFSAERPKGSFSTLEIQRTEQGDSAMYLCASSSNRDRGDEKLFFGSGTQLSVLEDLNKVFPPEVAVF,TRAV9-2,TRAJ3,TRBV7-9,TRBJ1-4,HLA-A*02,0
13140525,CLESGMAQTVTQSQPEMSVQEAETVTLSCTYDTSENNYYLFWYKQPPSRQMILVIRQEAYKQQNATENRFSVNFQKAAKSFSLKISDSQLGDTAMYFCAFLWTDKLIFGTGTRLQVFPNIQNPDPAVYQLRDSKSSDKSVCLFTDF,CASSEGLAGVGRTDTQYFGPGTRLTVLEDLKNVFPPEVAVF,TRAV38-1,TRAJ34,TRBV7-7,TRBJ2-3,HLA-A*02,0
9750581,CLESGMAQTVTQSQPEMSVQEAETVTLSCTYDTSENNYYLFWYKQPPSRQMILVIRQEAYKQQNATENRFSVNFQKAAKSFSLKISDSQLGDTAMYFCAFMKLAFDNDMRFGAGTRLTVKPNIQNPDPAVYQLRDSKSSDKSVCLFTDF,CWVLLCLLGAGPVKAGVTQTPRYLIKTRGQQVTLSCSPISGHRSVSWYQQTPGQGLQFLFEYFSETQRNKGNFPGRFSGRQFSNSRSEMNVSTLELGDSALYLCASSLAGTFTDTQYFGPGTRLTVLEDLKNVFPPEVAVF,TRAV38-1,TRAJ43,TRBV5-1,TRBJ2-3,HLA-A*02,0
9591947,CLESGMAQTVTQSQPEMSVQEAETVTLSCTYDTSENNYYLFWYKQPPSRQMILVIRQEAYKQQNATENRFSVNFQKAAKSFSLKISDSQLGDTAMYFCAFMKPFTSGTYKYIFGTGTRLKVLANIQNPDPAVYQLRDSKSSDKSVCLFTDF,CWAALCLLGADHTGAGVSQTPSNKVTEKGKYVELRCDPISGHTALYWYRQSLGQGPEFLIYFQGTGAADDSGLPNDRFFAVRPEGSVSTLKIQRTERGDSAVYLCASSSPTSPGELFFGEGSRLTVLEDLKNVFPPEVAVF,TRAV38-1,TRAJ40,TRBV7-3,TRBJ2-2,HLA-A*02,0
10911802,CLESGMAQTVTQSQPEMSVQEAETVTLSCTYDTSENNYYLFWYKQPPSRQMILVIRQEAYKQQNATENRFSVNFQKAAKSFSLKISDSQLGDTAMYFCAFMSVQGGKLIFGQGTELSVKPNIQNPDPAVYQLRDSKSSDKSVCLFTDF,CKSGTSVKIECRSLDFQATTMFWYRQFPKQSLMLMATSNEGSKATYEQGVEKDKFLINHASLTLSTLTVTSAHPEDSSFYICSAFTGQGPYEQYFGPGTRLTVTEDLKNVFPPEVAVF,TRAV38-1,TRAJ23,TRBV20-1,TRBJ2-7,HLA-A*02,0
10480538,CLFTDF,CRLLCCAVLCLLGAVPIDTEVTQTPKHLVMGMTNKKSLKCEQHMGHRAMYWYKQKAKKPPELMFVYSYEKLSINESVPSRFSPECPNSSLLNLHLHALQPEDSALYLCASSQGAKGTEAFFGQGTRLTVVEDLNKVFPPEVAVF,TRAV12-2,TRAJ58,TRBV4-1,TRBJ1-1,HLA-A*02,0
6201309,CMSRGEDVEQSLFLSVREGDSSVINCTYTDSSSTYLYWYKQEPGAGLQLLTYIFSNMDMKQDQRLTVLLNKKDKHLSLRIADTQTGDSAIYFCAESTHNAGNMLTFGGGTRLMVKPRIQNPDPAVYQLRDSKSSDKSVCLFTDF,CCDPAMDTWLVCWAIFSLLKAGLTEPEVTQTPSHQVTQMGQEVILRCVPISNHLYFYWYRQILGQKVEFLVSFYNNEISEKSEIFDDQFSVERPDGSNFTLKIRSTKLEDSAMYFCASIAGSYYEQYFGPGTRLTVTEDLKNVFPPEVAVF,TRAV5,TRAJ39,TRBV2,TRBJ2-7,HLA-A*02,0
11223987,CNHSTISGTDYIHWYRQLPSQGPEYVIHGLTSNVNNRMASLAIAEDRKSSTLILHRATLRDAAVYYCIPMEYGNKLVFGAGTILRVKSYIQNPDPAVYQLRDSKSSDKSVCLFTDF,CWAALCLLGAELTEAGVAQSPRYKIIEKRQSVAFWCNPISGHATLYWYQQILGQGPKLLIQFQNNGVVDDSQLPKDRFSAERLKGVDSTLKIQPAKLEDSAVYLCASSTTPPRGGQSDTQYFGPGTRLTVLEDLKNVFPPEVAVF,TRAV26-2,TRAJ47,TRBV11-2,TRBJ2-3,HLA-A*02,0
5618350,CNSSTTLSNIQWYKQRPGGHPVFLIQLVKSGEVKKQKRLTFQFGEAKKNSSLHITATQTTDVGTYFCATGGIYNQGGKLIFGQGTELSVKPNIQNPDPAVYQLRDSKSSDKSVCLFTDF,CWVLLCLPGAGPVKAGVTQTPRYLIKTRGQQVTLSCSPISGHRSVSWYQQTPGQGLQFLFEYFSETQRNKGNFPGRFSGRQFSNSRSEMNVSTLELGDSALYLCASSSYAEAFFGQGTRLTVVEDLNKVFPPEVAVF,TRAV25,TRAJ23,TRBV5-1,TRBJ1-1,HLA-A*02,0
2801692,CNYSSSVPPYLFWYVQYPNQGLQLLLKYTTGATLVKGINGFEAEFKKSETSFHLTKPSAHMSDAAEYFCAVSRSGGYQKVTFGTGTKLQVIPNIQNPDPAVYQLRDSKSSDKSVCLFTDF,CRLLCCAVLCLLGAVPMETGVTQTPRHLVMGMTNKKSLKCEQHLGHNAMYWYKQSAKKPLELMFVYSLEERVENNSVPSRFSPECPNSSHLFLHLHTLQPEDSALYLCASSQKGGGAGWNTEAFFGQGTRLTVVEDLNKVFPPEVAVF,TRAV8-4,TRAJ13,TRBV4-3,TRBJ1-1,HLA-A*02,0
9449176,CNYSSSVSVYLFWYVQYPNQGLQLLLKYLSGSTLVKGINGFEAEFNKSQTSFHLRKPSVHISDTAEYFCAGISYTGANSKLTFGKGITLSVRPDIQNPDPAVYQLRDSKSSDKSVCLFTDF,CRLLCCAVLCLLGAVPIDTEVTQTPKHLVMGMTNKKSLKCEQHMGHRAMYWYKQKAKKPPELMFVYSYEKLSINESVPSRFSPECPNSSLLNLHLHALQPEDSALYLCASSQRDTGNQPQHFGDGTRLSILEDLNKVFPPEVAVF,TRAV8-6,TRAJ56,TRBV4-1,TRBJ1-5,HLA-A*02,0
2512178,CNYSYGATPYLFWYVQSPGQGLQLLLKYFSGDTLVQGIKGFEAEFKRSQSSFNLRKPSVHWSDAAEYFCAVGSDYKLSFGAGTTVTVRANIQNPDPAVYQLRDSKSSDKSVCLFTDF,CCVAFCLLGAGPVDSGVTQTPKHLITATGQRVTLRCSPRSGDLSVYWYQQSLDQGLQFLIQYYNGEERAKGNILERFSAQQFPDLHSELNLSSLELGDSALYFCASSVDGGYNEQFFGPGTRLTVLEDLKNVFPPEVAVF,TRAV8-3,TRAJ20,TRBV9,TRBJ2-1,HLA-A*02,0
5462494,CNYTNYSPAYLQWYRQDPGRGPVFLLLIRENEKEKRKERLKVTFDTTLKQSLFHITASQPADSATYLCALEQATDSWGKLQFGAGTQVVVTPDIQNPDPAVYQLRDSKSSDKSVCLFTDF,CKSGTSVKIECRSLDFQATTMFWYRQFPKQSLMLMATSNEGSKATYEQGVEKDKFLINHASLTLSTLTVTSAHPEDSSFYICSANTVKLAKNIQYFGAGTRLSVLEDLKNVFPPEVAVF,TRAV6,TRAJ24,TRBV20-1,TRBJ2-4,HLA-A*02,0
1208868,CPGFLWALVISTCLEFSMAQTVTQSQPEMSVQEAETVTLSCTYDTSESDYYLFWYKQPPSRQMILVIRQEAYKQQNATENRFSVNFQKAAKSFSLKISDSQLGDAAMYFCAYIRGNEKLTFGTGTRLTIIPNIQNPDPAVYQLRDSKSSDKSVCLFTDF,CCVSPCILVAKHTDAGVIQSPRHEVTEMGQEVTLRCKPISGHNSLFWYRQTMMRGLELLIYYNNNDPIDDAGMPEDRFSAKMPNASFSTLKIQPSEPRDSAVYFCASSLTGRETQYFGPGTRLLVLEDLKNVFPPEVAVF,TRAV38-2DV8,TRAJ48,TRBV12-3,TRBJ2-5,HLA-A*02,0
13596764,CPGFLWALVISTCLEFSMAQTVTQSQPEMSVQEAETVTLSCTYDTSESDYYLFWYKQPPSRQMILVIRQEAYKQQNATENRFSVNFQKAAKSFSLKISDSQLGDAAMYFCAYRINNNDMRFGAGTRLTVKPNIQNPDPAVYQLRDSKSSDKSVCLFTDF,CCAALSLLWAGPVNAGVTQTPKFQVLKTGQSMTLQCAQDMNHEYMSWYRQDPGMGLRLIHYSVGAGITDQGEVPNGYNVSRSTTEDFPLRLLSAAPSQTSVYFCASSEDPNEKLFFGSGTQLSVLEDLNKVFPPEVAVF,TRAV38-2DV8,TRAJ43,TRBV6-5,TRBJ1-4,HLA-A*02,0
11685576,CPGFLWALVISTCLEFSMAQTVTQSQPEMSVQEAETVTLSCTYDTSESDYYLFWYKQPPSRQMILVIRQEAYKQQNATENRFSVNFQKAAKSFSLKISDSQLGDAAMYFCAYRRALNDMRFGAGTRLTVKPNIQNPDPAVYQLRDSKSSDKSVCLFTDF,CCVVLCLLGANTVDGGITQSPKYLFRKEGQNVTLSCEQNLNHDAMYWYRQDPGQGLRLIYYSQIVNDFQKGDIAEGYSVSREKKESFPLTVTSAQKNPTAFYLCASSIKTVTAAQHFGDGTRLSILEDLNKVFPPEVAVF,TRAV38-2DV8,TRAJ43,TRBV19,TRBJ1-5,HLA-A*02,0
6200088,CPQALLAIFWLLLSWVSSEDKVVQSPLSLVVHEGDTVTLNCSYEVTNFRSLLWYKQEKKAPTFLFMLTSSGIEKKSGRLSSILDKKELFSILNITATQTGDSAVYLCAVAPVPFGNEKLTFGTGTRLTIIPNIQNPDPAVYQLRDSKSSDKSVCLFTDF,CCVAFSLLWASPVNAGVTQTPKFQVLKTGQSMTLQCAQDMNHNSMYWYRQDPGMGLRLIYYSASEGTTDKGEVPNGYNVSRLNKREFSLRLESAAPSQTSVYFCASNRDRSSNQPQHFGDGTRLSILEDLNKVFPPEVAVF,TRAV36DV7,TRAJ48,TRBV6-1,TRBJ1-5,HLA-A*02,0
6219714,CQARGILQQMWGVFLLYVSMKMGGTTGQNIDQPTEMTATEGAIVQINCTYQTSGFNGLFWYQQHAGEAPTFLSYNVLDGLEEKGRFSSFLSRSKGYSYLLLKELQMKDSASYLCAGADSNYQLIWGAGTKLIIKPDIQNPDPAVYQLRDSKSSDKSVCLFTDF,CRLLCCAVLCLLGAVPMETGVTQTPRHLVMGMTNKKSLKCEQHLGHNAMYWYKQSAKKPLELMFVYNFKEQTENNSVPSRFSPECPNSSHLFLHLHTLQPEDSALYLCASSQDRGSGANVLTFGAGSRLTVLEDLKNVFPPEVAVF,TRAV1-2,TRAJ33,TRBV4-2,TRBJ2-6,HLA-A*02,0
9767856,CQARGILQQMWGVFLLYVSMKMGGTTGQNIDQPTEMTATEGAIVQINCTYQTSGFNGLFWYQQHAGEAPTFLSYNVLDGLEEKGRFSSFLSRSKGYSYLLLKELQMKDSASYLCAVKDSSYKLIFGSGTRLLVRPDIQNPDPAVYQLRDSKSSDKSVCLFTDF,CCVAFSLLWAGPVIAGITQAPTSQILAAGRRMTLRCTQDMRHNAMYWYRQDLGLGLRLIHYSNTAGTTGKGEVPDGYSVSRANTDDFPLTLASAVPSQTSVYFCASSETSGGADTQYFGPGTRLTVLEDLKNVFPPEVAVF,TRAV1-2,TRAJ12,TRBV6-4,TRBJ2-3,HLA-A*02,0
3846221,CQARGILQQMWGVFLLYVSMKMGGTTGQNIDQPTEMTATEGAIVQINCTYQTSGFNGLFWYQQHAGEAPTFLSYNVLDGLEEKGRFSSFLSRSKGYSYLLLKELQMKDSASYLCAVKGGKLIFGQGTELSVKPNIQNPDPAVYQLRDSKSSDKSVCLFTDF,CASSAGTSGVSDTQYFGPGTRLTVLEDLKNVFPPEVAVF,TRAV1-2,TRAJ23,TRBV10-1,TRBJ2-3,HLA-A*02,0
7699986,CQARGILQQMWGVFLLYVSMKMGGTTGQNIDQPTEMTATEGAIVQINCTYQTSGFNGLFWYQQHAGEAPTFLSYNVLDGLEEKGRFSSFLSRSKGYSYLLLKELQMKDSASYLCAVKGGKLIFGQGTELSVKPNIQNPDPAVYQLRDSKSSDKSVCLFTDF,CLLWAGHRDAEITQSPRHKITETGRQVTLACHQTWNHNNMFWYRQDLGHGLRLIHYSYGVQDTNKGEVSDGYSVSRSNTEDLPLTLESAASSQTSVYFCASSAGTSGVSDTQYFGPGTRLTVLEDLKNVFPPEVAVF,TRAV1-2,TRAJ23,TRBV10-1,TRBJ2-3,HLA-A*02,0
11975503,CQARGILQQMWGVFLLYVSMKMGGTTGQNIDQPTEMTATEGAIVQINCTYQTSGFNGLFWYQQHAGEAPTFLSYNVLDGLEEKGRFSSFLSRSKGYSYLLLKELQMKDSASYLCAVKGGKLIFGQGTELSVKPNIQNPDPAVYQLRDSKSSDKSVCLFTDF,CPGAEMGTRLFFYVALCLLWAGHRDAEITQSPRHKITETGRQVTLACHQTWNHNNMFWYRQDLGHGLRLIHYSYGVQDTNKGEVSDGYSVSRSNTEDLPLTLESAASSQTSVYFCASSAGTSGVSDTQYFGPGTRLTVLEDLKNVFPPEVAVF,TRAV1-2,TRAJ23,TRBV10-1,TRBJ2-3,HLA-A*02,0
2394251,CQARGILQQMWGVFLLYVSMKMGGTTGQNIDQPTEMTATEGAIVQINCTYQTSGFNGLFWYQQHAGEAPTFLSYNVLDGLEEKGRFSSFLSRSKGYSYLLLKELQMKDSASYLCAVKGGKLIFGQGTELSVKPNIQNPDPAVYQLRDSKSSDKSVCLFTDF,CPGAEMGTRLFFYVALCLLWAGHRDAEITQSPRHKITETGRQVTLACHQTWNHNNMFWYRQDLGHGLRLIHYSYGVQDTNKGEVSDGYSVSRSNTEDLPLTLESAASSQTSVYFCASSAGTSGVSDTQYFGPGTRLTVLEDLKNVFPPEVAVF,TRAV1-2,TRAJ23,TRBV10-1,TRBJ2-3,HLA-A*02,0
6654023,CQARGILQQMWGVFLLYVSMKMGGTTGQNIDQPTEMTATEGAIVQINCTYQTSGFNGLFWYQQHAGEAPTFLSYNVLDGLEEKGRFSSFLSRSKGYSYLLLKELQMKDSASYLCAVRDGDYKLSFGAGTTVTVRANIQNPDPAVYQLRDSKSSDKSVCLFTDF,CCVAFSLLWAGPVIAGITQAPTSQILAAGRRMTLRCTQDMRHNAMYWYRQDLGLGLRLIHYSNTAGTTGKGEVPDGYSVSRANTDDFPLTLASAVPSQTSVYFCASSETGTDTQYFGPGTRLTVLEDLKNVFPPEVAVF,TRAV1-2,TRAJ20,TRBV6-4,TRBJ2-3,HLA-A*02,0
7823658,CQARGILQQMWGVFLLYVSMKMGGTTGQNIDQPTEMTATEGAIVQINCTYQTSGFNGLFWYQQHAGEAPTFLSYNVLDGLEEKGRFSSFLSRSKGYSYLLLKELQMKDSASYLCAVRDSNYQLIWGAGTKLIIKPDIQNPDPAVYQLRDSKSSDKSVCLFTDF,CRLLCCAVLCLLGAVPMETGVTQTPRHLVMGMTNKKSLKCEQHLGHNAMYWYKQSAKKPLELMFVYSLEERVENNSVPSRFSPECPNSSHLFLHLHTLQPEDSALYLCASSQVEAGSYEQYFGPGTRLTVTEDLKNVFPPEVAVF,TRAV1-2,TRAJ33,TRBV4-3,TRBJ2-7,HLA-A*02,0
4154502,CQTRGILQQMWGVFLLYVSMKMGGTTGQNIDQPTEMTATEGAIVQINCTYQTSGFNGLFWYQQHAGEAPTFLSYNVLDGLEEKGRFSSFLSRSKGYSYLLLKELQMKDSASYLCAVSGSNYQLIWGAGTKLIIKPDIQNPDPAVYQLRDSKSSDKSVCLFTDF,CASSDSETGELFFGEGSRLTVLEDLKNVFPPEVAVF,TRAV1-2,TRAJ33,TRBV6-4,TRBJ2-2,HLA-A*02,0
897801,CRSLLLVPAFQVIFTLGGTRAQSVTQLDSQVPVFEEAPVELRCNYSSSVSVYLFWYVQYPNQGLQLLLKYLSGSTLVESINGFEAEFNKSQTSFHLRKPSVHISDTAEYFCAVTTYSGAGSYQLTFGKGTKLSVIPNIQNPDPAVYQLRDSKSSDKSVCLFTDF,CKSGTSVKIECRSLDFQATTMFWYRQFPKQSLMLMATSNEGSKATYEQGVEKDKFLINHASLTLSTLTVTSAHPEDSSFYICSASGLADPRGETQYFGPGTRLLVLEDLKNVFPPEVAVF,TRAV8-6,TRAJ28,TRBV20-1,TRBJ2-5,HLA-A*02,0
5020047,CRYTGSGLRGLFWYRQDPGKGPEFLFTLYSAGEEKEKERLKATLTKKESFLHITATKPEDSATYLCAVGAGGTSYGKLTFGQGTILTVHPNIQNPDPAVYQLRDSKSSDKSVCLFTDF,CRLLCCAVLCLLGAVPIDTEVTQTPKHLVMGMTNKKSLKCEQHMGHRAMYWYKQKAKKPPELMFVYSYEKLSINESVPSRFSPECPNSSLLNLHLHALQPEDSALYLCASGWNTEAFFGQGTRLTVVEDLNKVFPPEVAVF,TRAV20,TRAJ52,TRBV4-1,TRBJ1-1,HLA-A*02,0
11529604,CSFTDSAIYNLQWFRQDPGKGLTSLLLIQSSQREQTSGRLNASLDKSSGRSTLYIAASQPGDSATYLCAANAGGTSYGKLTFGQGTILTVHPNIQNPDPAVYQLRDSKSSDKSVCLFTDF,CCAALSLLWAGPVNAGVTQTPKFQVLKTGQSMTLQCAQDMNHEYMSWYRQDPGMGLRLIHYSVGAGITDQGEVPNGYNVSRSTTEDFPLRLLSAAPSQTSVYFCAIGRVAYEQYFGPGTRLTVTEDLKNVFPPEVAVF,TRAV21,TRAJ52,TRBV6-5,TRBJ2-7,HLA-A*02,0
1351363,CSFTDSAIYNLQWFRQDPGKGLTSLLLIQSSQREQTSGRLNASLDKSSGRSTLYIAASQPGDSATYLCAVIRSGYSTLTFGKGTMLLVSPDIQNPDPAVYQLRDSKSSDKSVCLFTDF,CLLGAGPLEAQVTQNPRYLITVTGKKLTVTCSQNMNHEYMSWYRQDPGLGLRQIYYSMNVEVTDKGDVPEGYKVSRKEKRNFPLILESPSPNQTSLYFCASSFLLPAVTEAFFGQGTRLTVVEDLNKVFPPEVAVF,TRAV21,TRAJ11,TRBV27,TRBJ1-1,HLA-A*02,0
7525722,CSFTDSAIYNLQWFRQDPGKGLTSLLLIQSSQREQTSGRLNASLDKSSGRSTLYIAASQPGDSATYLCAVIRSGYSTLTFGKGTMLLVSPDIQNPDPAVYQLRDSKSSDKSVCLFTDF,CLLGAGPLEAQVTQNPRYLITVTGKKLTVTCSQNMNHEYMSWYRQDPGLGLRQIYYSMNVEVTDKGDVPEGYKVSRKEKRNFPLILESPSPNQTSLYFCASSFLLPAVTEAFSGQGTRLTVVEDLNKVFPPEVAVF,TRAV21,TRAJ11,TRBV27,TRBJ1-1,HLA-A*02,0
7384362,CSFTDSAIYNLQWFRQDPGKGLTSLLLIQSSQREQTSGRLNASLDKSSGRSTLYIAASQPGDSATYLCAVLNAGNMLTFGGGTRLMVKPHIQNPDPAVYQLRDSKSSDKSVCLFTDF,CKSGTSVKIECRSLDFQATTMFWYRQFPKQSLMLMATSNEGSKATYEQGVEKDKFLINHASLTLSTLTVTSAHPEDSSFYICSASGLADPRGETQYFGPGTRLLVLEDLKNVFPPEVAVF,TRAV21,TRAJ39,TRBV20-1,TRBJ2-5,HLA-A*02,0
9172613,CSFTDSAIYNLQWFRQDPGKGLTSLLLIQSSQREQTSGRLSASLDKSSGRSTLYIAASQPGDSATYLCAVIRSGYSTLTFGKGTMLLVSPDIQNPDPAVYQLRDSKSSDKSVCLFTDF,CLLGAGPLEAQVTQNPRYLITVTGKKLTVTCSQNMNHEYMSWYRQDPGLGLRQIYYSMNVEVTDKGDVPEGYKVSRKEKRNFPLILESPSPNQTSLYFCASSFLLPAVTEAFFGQGTRLTVVEDLNKVFPPEVAVF,TRAV21,TRAJ11,TRBV27,TRBJ1-1,HLA-A*02,0
3113126,CSHNNIATNDYITWYQQFPSQGPRFIIQGYKTKVTNEVASLFIPADRKSSTLSLPRVSLSDTAVYYCLVGARSIYNQGGKLIFGQGTELSVKPNIQNPDPAVYQLRDSKSSDKSVCLFTDF,CASSPNSSSTDTQYFGPGTRLTVLEDLKNVFPPEVAVF,TRAV4,TRAJ23,TRBV18,TRBJ2-3,HLA-A*02,0
9318229,CSHNNIATNDYITWYQQFPSQGPRFIIQGYKTKVTNEVASLFIPADRKSSTLSLPRVSLSDTAVYYCLVGDKGRDDKIIFGKGTRLHILPNIQNPDPAVYQLRDSKSSDKSVCLFTDF,CRLLCCAVLCLLGAVPIDTEVTQTPKHLVMGMTNKKSLKCEQHMGHRAMYWYKQKAKKPPELMFVYSYEKLSINESVPSRFSPECPNSSLLNLHLHALQPEDSALYLCASSQIPPDYTGELFFGEGSRLTVLEDLKNVFPPEVAVF,TRAV4,TRAJ30,TRBV4-1,TRBJ2-2,HLA-A*02,0
10200630,CSYTVSGLRGLFWYRQDPGKGPEFLFTLYSAGEEKEKERLKATLTKKESFLHITAPKPEDSATYLCAVLAEGEKLIFGQGTELSVKPNIQNPDPAVYQLRDSKSSDKSVCLFTDF,CLLGAGPLEAQVTQNPRYLITVTGKKLTVTCSQNMNHEYMSWYRQDPGLGLRQIYYSMNVEVTDKGDVPEGYKVSRKEKRNFPLILESPSPNQTSLYFCASSLWGSPLHFGNGTRLTVTEDLNKVFPPEVAVF,TRAV20,TRAJ23,TRBV27,TRBJ1-6,HLA-A*02,0
4016258,CSYTVSGLRGLFWYRQDPGKGPEFLFTLYSAGEEKEKERLKATLTKKESFLHITAPKPEDSATYLCAVLAEGGKLIFGQGTELSVKPNIQNPDPAVYQLRDSKSSDKSVCLFTDF,CASSLWGSPLHFGNGTRLTVTEDVNKVFPPEVAVF,TRAV20,TRAJ23,TRBV27,TRBJ1-6,HLA-A*02,0
10210601,CSYTVSGLRGLFWYRQDPGKGPEFLFTLYSAGEEKEKERLKATLTKKESFLHITAPKPEDSATYLCAVLAEGGKLIFGQGTELSVKPNIQNPDPAVYQLRDSKSSDKSVCLFTDF,CLLGAGPLEAQVTQNPRYLITVTGKKLTVTCSQNMNHEYMSWYRQDPGLGLRQIYYSMNVEVTDKGDVPEGYKVSRKEKRNFPLILESPSPNQTSLYFCASSLWGSPLHFGNGTRLTVTEDLNKVFPPEVAVF,TRAV20,TRAJ23,TRBV27,TRBJ1-6,HLA-A*02,0
3272126,CSYTVSGLRGLFWYRQDPGKGPEFLFTLYSAGEEKEKERLKATLTKKESFLHITAPKPEDSATYLCAVLAEGGKLIFGQGTELSVKPNIQNPDPTVYQLRDSKSSDKSVCLFTDF,CLLGAGPLEAQVTQNPRYLITVTGKKLTVTCSQNMNHEYMSWYRQDPGLGLRQIYYSMNVEVTDKGDVPEGYKVSRKEKRNFPLILESPSPNQTSLYFCASSLWGSPLHFGNGTRLTVTEDLNKVFPPEVAVF,TRAV20,TRAJ23,TRBV27,TRBJ1-6,HLA-A*02,0
8277532,CSYTVSGLRGLFWYRQDPGKGPEFLFTLYSAGEEKEKERLKATLTKKESFLHITAPKPEDSATYLCAVQGYNQGGKLIFGQGTELSVKPNIQNPDPAVYQLRDSKSSDKSVCLFTDF,CLLGADHTGAGVSQSPSNKVTEKGKDVELRCDPISGHTALYWYRQSLGQGLEFLIYFQGNSAPDKSGLPSDRFSAERTGGSVSTLTIQRTQQEDSAVYLCASSLAGPGELFFGEGSRLTVLEDLKNVFPPEVAVF,TRAV20,TRAJ23,TRBV7-2,TRBJ2-2,HLA-A*02,0
12841414,CSYTVSGVRGLFWYRQDPGKGPEFLFTLYSAGEEKEKERLKATLTKKESFLHITAPKPEDSATYLCAVLAEGGKLIFGQGTELSVKPNIQNPDPAVYQLRDSKSSDKSVCLFTDF,CLLGAGPLEAQVTQNPRYLITVTGKKLTVTCSQNMNHEYMSWYRQDPGLGLRQIYYSMNVEVTDKGDVPEGYKVSRKEKRNFPLILESPSPNQTSLYFCASSLWGSPLHFGNGTRLTVTEDLNKVFPPEVAVF,TRAV20,TRAJ23,TRBV27,TRBJ1-6,HLA-A*02,0
3697544,CSYTVSGVRGLFWYRQDPGKGPEFLFTLYSAGEEKEKERLKATLTKKESFLHITAPKPEDSATYLCAVLAEGGKLIFGQGTELSVKPNIQNPDPAVYQLRDSKSSDKSVCLFTDF,CLLGAGPLEAQVTQNPRYLITVTGKKLTVTCSQNMNHEYMSWYRQDPGLGLRQIYYSMNVEVTDKGDVPEGYKVSRKEKRNFPLILESPSPNQTSLYFCASSLWGSPLHFGNGTRLTVTEDLNKVFPPEVAVF,TRAV20,TRAJ23,TRBV27,TRBJ1-6,HLA-A*02,0
8568215,CTLQCNYTVSPFSNLRWYKQDTGRGPVSLTIMTFSENTKSNGRYTATLDADTKQSSLHITASQLSDSASYICVVSLDNTDKLIFGTGTRLQVFPNIQNPDPAVYQLRDSKSSDKSVCLFTDF,CLLGAKHIEAGVTQFPSHSVIEKGQTVTLRCDPISGHDNLYWYRRVMGKEIKFLLHFVKESKQDESGMPNNRFLAERTGGTYSTLKVQPAELEDSGVYFCASSQDRETQYFGPGTRLLVLEDLKNVFPPEVAVF,TRAV10,TRAJ34,TRBV14,TRBJ2-5,HLA-A*02,0
302240,CTSSSIFNTWLWYKQDPGEGPVLLIALYKAGELTSNGRLTAQFGITRKDSFLNISASIPSDVGIYFCAGQLDRDDKIIFGKGTRLHILPNIQNPDPAVYQLRDSKSSDKSVCLFTDF,CASSPPAGFDYGYTFGSGTRLTVVEDLNKVFPPEVAVF,TRAV35,TRAJ30,TRBV7-9,TRBJ1-2,HLA-A*02,0
2515288,CTSSSIFNTWLWYKQDPGEGPVLLIALYKAGELTSNGRLTAQFGITRKDSFLNISASIPSDVGIYFCAGQLDRDDKIIFGKGTRLHILPNIQNPDPAVYQLRDSKSSDKSVCLFTDF,CWMALCLLGADHADTGVSQNPRHKITKRGQNVTFRCDPISEHNRLYWYRQTLGQGPEFLTYFQNEAQLEKSRLLSDRFSAERPKGSFSTLEIQRTEQGDSAMYLCASSPPAGFDYGYTFGSGTRLTVVEDLNKVFPPEVAVF,TRAV35,TRAJ30,TRBV7-9,TRBJ1-2,HLA-A*02,0
7967690,CTYQTSGFNGLFWYQQHADEAPTFLSYNVLDGLEEKGRFSSFLSRSKGYSYLLLKELQMKDSASYLCAVKGGKLIFGQGTELSVKPNIQNPDPAVYQLRDSKSSDKSVCLFTDF,CLLWAGHRDAEITQSPRHKITETGRQVTLACHQTWNHNNMFWYRQDLGHGLRLIHYSYGVQDTNKGEVSDGYSVSRSNTEDLPLTLESAASSQTSVYFCASSAGTSGVSDTQYFGPGTRLTVLEDLKNVFPPEVAVF,TRAV1-2,TRAJ23,TRBV10-1,TRBJ2-3,HLA-A*02,0
10180699,CTYQTSGFNGLFWYQQHAGEAPTFLSYNVLDGLEEKGRFSSFLSRSKGYSYLLLKELQMKDSASYLCAVSNSNYQLIWGAGTKLIIKPDIQNPDPAVYQLRDSKSSDKSVCLFTDF,CSVGDQGEAVF,TRAV1-2,TRAJ33,TRBV29-1,TRBJ1-1,HLA-A*02,0
11215929,CTYSDRGSQSFFWYRQYSGKSPELIMSIYSNGDKEDGRFTAQLNKASQYVSLLIRDSQPSDSATYLCAGNTGGFKTIFGAGTRLFVKANIQNPDPAVYQLRDSKSSDKSVCLFTDF,CCDPAMDTWLVCWAIFSLLKAGLTEPEVTQTPSHQVTQMGQEVILRCVPISNHLYFYWYRQILGQKVEFLVSFYNNEISEKSEIFDDQFSVERPDGSNFTLKIRSTKLEDSAMYFCASAQGAEAFFGQGTRLTVVEDLNKVFPPEVAVF,TRAV12-2,TRAJ9,TRBV2,TRBJ1-1,HLA-A*02,0
13303379,CTYSDRVSQSFFWYRQYSGKSPELIMSIYSNGDKEDGRFTAQLNKASQYVSLLIRDSQPSDSATYLCAVINSGGYQKVTFGTGTKLQVIPNIQNPDPAVYQLRDSKSSDKSVCLFTDF,CCVAFCLLGAGPVDSGVTQTPKHLITATGQRVTLRCSPRSGDLSVYWYQQSLDQGLQFLIQYYNGEERAKGNILERFSAQQFPDLHSELNLSSLELGDSALYFCASSEEVAGGETQYFGPGTRLLVLEDLKNVFPPEVAVF,TRAV12-2,TRAJ13,TRBV9,TRBJ2-5,HLA-A*02,0
615570,CTYSDRVSQSFFWYRQYSGKSPELIMSIYSNGDKEDGRFTAQLNKASQYVSLLIRDSQPSDSATYLCAVKGSSNTGKLIF,CRLLCCAVLCLLGAVPMETGVTQTPRHLVMGMTNKKSLKCEQHLGHNAMYWYKQSAKKPLELMFVYNFKEQTENNSVPSRFSPECPNSSHLFLHLHTLQPEDSALYLCASSPGIDTEAFFGQGTRLTVVEDLNKVFPPEVAVF,TRAV12-2,TRAJ37,TRBV4-2,TRBJ1-1,HLA-A*02,0
9297469,CTYSDRVSQSFFWYRQYSGKSPELIMSIYSNGDKEDGRFTAQLNKASQYVSLLIRDSQPSDSATYLCAVKGSSNTGKLIFGQGTTLQVKPDIQNPDPAVYQLRDSKSSDKSVCLFTDF,CRLLCCAVLCLLGAVPMETGVTQTPRHLVMGMTNKKSLKCEQHLGHNAMYWYKQSAKKPLELMFVYNFKEQTENNSVPSRFSPECPNSSHLFLHLHTLQPEDSALYLCASSPGIDTEAFFGQGTRLTVVEDLNKVFPPEVAVF,TRAV12-2,TRAJ37,TRBV4-2,TRBJ1-1,HLA-A*02,0
9166140,CTYSDRVSQSFFWYRQYSGKSPELIMSIYSNGDKEDGRFTAQLNKASQYVSLLIRDSQPSDSATYLCAVNIAGGFKTIFGAGTRLFVKANIQNPDPAVYQLRDSKSSDKSVCLFTDF,CQRGTSLTIQCQVDSQVTMMFWYRQQPGQSLTLIATANQGSEATYESGFVIDKFPISRPNLTFSTLTVSNLSPEDSSIYLCSVATGDGGYTFGSGTRLTVVEDLNKVFPPEVAVF,TRAV12-2,TRAJ9,TRBV29-1,TRBJ1-2,HLA-A*02,0
10622979,CTYSDRVSQSFFWYRQYSGKSPELIMSIYSNGDKEDGRFTAQLNKASQYVSLLIRDSQPSDSATYLCAVSPSNTGKLIFGQGTTLQVKPDIQNPDPAVYQLRDSKSSDKSVCLFTDF,CCPTTRMFMLCWFGGLSSMHRYRRPLRHAASAMSIGLLCCAALSLLWAGPVNAGVTQTPKFQVLKTGQSMTLQCAQDMNHEYMSWYRQDPGMGLRLIHYSVGAGITDQGEVPNGYNVSRSTTEDFPLRLLSAAPSQTSVYFCASSQGWAEAFFGQGTRLTVVEDLNKVFPPEVAVF,TRAV12-2,TRAJ37,TRBV6-5,TRBJ1-1,HLA-A*02,0
6814477,CTYSDSASNYFPWYKQELGKRPQLIIDIRSNVGEKKDQRIAVTLNKTAKHFSLHITETQPEDSAVYFCAAIGSGYALNFGKGTSLLVTPHIQNPDPAVYQLRDSKSSDKSVCLFTDF,CCVAFCLLGAGPVDSGVTQTPKHLITATGQRVTLRCSPRSGDLSVYWYQQSLDQGLQFLIQYYNGEERAKGNILERFSAQQFPDLHSELNLSSLELGDSALYFCASSSQWGGDEQYFGPGTRLTVTEDLKNVFPPEVAVF,TRAV13-1,TRAJ41,TRBV9,TRBJ2-7,HLA-A*02,0
4892162,CTYSDSASNYFPWYKQELGKRPQLIIDIRSNVGEKKDQRIAVTLNKTAKHFSLHITETQPEDSAVYFCAPWGNTGKLIFGQGTTLQVKPDIQNPDPAVYQLRDSKSSDKSVCLFTDF,CKSGTSVKIECRSLDFQATTMFWYRQFPKQSLMLMATSNEGSKATYEQGVEKDKFLINHASLTLSTLTVTSAHPEDSSFYICSAKAAGSVGETQYFGPGTRLLVLEDLKNVFPPEVAVF,TRAV13-1,TRAJ37,TRBV20-1,TRBJ2-5,HLA-A*02,0
11948176,CTYSNSAFQYFMWYRQYSRKGPELLMYTYSSGNKEDGRFTAQVDKSSKYISLFIRDSQPSDSATYLCAMGAGGYNKLIFGAGTRLAVHPYIQNPDPAVYQLRDSKSSDKSVCLFTDF,CSPECPNTSLFHLHLLALQPEDSALYLCASSQRDTGKQPQHFGDGTRLSILEDLNKVFPPEVAVF,TRAV12-3,TRAJ4,TRBV4-1,TRBJ1-5,HLA-A*02,0
5608327,CTYSNSASQSFFWYRQDCRKEPKLLMSVYSSGNEDGRFTAQLNRASQYISLLIRDSKLSDSATYLCVVENSGYALNFGKGTSLLVTPHIQNPDPAVYQLRDSKSSDKSVCLFTDF,CCLILESAITKQRSMYLCARSVGGAKETQYF,TRAV12-1,TRAJ41,TRBV28,TRBJ2-5,HLA-A*02,0
1354811,CTYSNSASQSFFWYRQDCRKEPKLLMSVYSSGNEDGRFTAQLNRASQYISLLIRDSKLSDSATYLCVVIPSSNTGKLIFGQGTTLQVKPDIQNPDPAVYQLRDSKSSDKSVCLFTDF,CCDPAMDTWLVCWAIFSLLKAGLTEPEVTQTPSHQVTQMGQEVILRCVPISNHLYFYWYRQILGQKVEFLVSFYNNEISEKSEIFDDQFSVERPDGSNFTLKIRSTKLEDSAMYFCASSGVPGQPQHFGDGTRLSILEDLNKVFPPEVAVF,TRAV12-1,TRAJ37,TRBV2,TRBJ1-5,HLA-A*02,0
13297553,CTYSNSASQSFFWYRQDCRKEPKLLMSVYSSGNEDGRFTAQLNRASQYISLLIRDSKLSDSATYLCVVRNSGYALNFGKGTSLLVTPHIQNPDPAVYQLRDSKSSDKSVCLFTDF,CCAALSLLWAGPVNAGVTQTPKFQVLKTGQSMTLQCAQDMNHEYMSWYRQDPGMGLRLIHYSVGAGITDQGEVPNGYNVSRSTTEDFPLRLLSAAPSQTSVYFCASSYSGEDTQYFGPGTRLTVLEDLKNVFPPEVAVF,TRAV12-1,TRAJ41,TRBV6-5,TRBJ2-3,HLA-A*02,0
11082706,CTYSNSASQSFFWYRQDCRKEPKLLMSVYSSGNEDGRFTAQLNRASQYISLLIRDSKLSDSATYLCVVRNSGYALNFGKGTSLLVTPHIQNPDPAVYQLRDSKSSDKSVCLFTDF,CCAALSLLWAGPVNAGVTQTPKFQVLKTGQSMTLQCAQDMNHEYMSWYRQDPGMGLRLIHYSVGAGITDQGEVPNGYNVSRSTTEDFPLRLLSAAPSQTSVYFCASSYSGEDTQYFGPGTRLTVLEDLKNVFPPEVAVF,TRAV12-1,TRAJ41,TRBV6-5,TRBJ2-3,HLA-A*02,0
10341965,CTYSNSASQSFFWYRQDCRKEPKLLMSVYSSGNEDGRFTAQLNRASQYISLLIRDSKLSDSATYLCVVRNSGYALNFGKGTSLLVTPHIQNPDPAVYQLRDSKSSDKSVCLFTDF,CCAALSLLWAGPVNAGVTQTPKFQVLKTGQSMTLQCAQDMNHEYMSWYRQDPGMGLRLIHYSVGAGITDQGEVPNGYNVSRSTTEDFPLRLLSAAPSQTSVYFCASSYSGEDTQYFGPGTRLTVLEDLKNVFPPEVAVF,TRAV12-1,TRAJ41,TRBV6-5,TRBJ2-3,HLA-A*02,0
609500,CTYSNSASQSFFWYRQDCRKEPKLLMSVYSSGNEDGRFTAQLNRASQYISLLIRDSKLSDSATYLCVVRNSGYALNFGKGTSLLVTPHIQNPDPAVYQLRDSKSSDKSVCLFTDF,CCAALSLLWAGPVNAGVTQTPKFQVLKTGQSMTLQCAQDMNHEYMSWYRQDPGMGLRLIHYSVGAGITDQGEVPNGYNVSRSTTEDFPLRLLSAAPSQTSVYFCASSYSGEDTQYFGPGTRLTVLEDLKNVFPPEVAVF,TRAV12-1,TRAJ41,TRBV6-5,TRBJ2-3,HLA-A*02,0
165178,CTYSVSGNPYLFWYVQYPNRGLQFLLKYITGDNLVKGSYGFEAEFNKSQTSFHLKKPSALVSDSALYFCAVRDGSSGTYKYIFGTGTRLKVLANIQNPDPAVYQLRDSKSSDKSVCLFTDF,CAQDMNHEYMSWYRQDPGMGLRLIHYSVGAGITDQGEVPNGYNVSRSTTEDFPLRLLSAAPSQTSVYFCASSYGQGVVGYTFGSGTRLTVVEDLNKVFPPEVAVF,TRAV3,TRAJ40,TRBV6-5,TRBJ1-2,HLA-A*02,0
3839683,CTYSVSGNPYLFWYVQYPNRGLQFLLKYITGDNLVKGSYGFEAEFNKSQTSFHLKKPSALVSDSALYFCAVRDGSSGTYKYIFGTGTRLKVLANIQNPDPAVYQLRDSKSSDKSVCLFTDF,CASSYGQGVVGYTFGSGTRLTVVEDLNKVFPPEVAVF,TRAV3,TRAJ40,TRBV6-5,TRBJ1-2,HLA-A*02,0
12693573,CTYSVSGNPYLFWYVQYPNRGLQFLLKYITGDNLVKGSYGFEAEFNKSQTSFHLKKPSALVSDSALYFCAVRDGSSGTYKYIFGTGTRLKVLANIQNPDPAVYQLRDSKSSDKSVCLFTDF,CCAALSLLWAGPVNAGVTQTPKFQVLKTGQSMTLQCAQDMNHEYMSWYRQDPGMGLRLIHYSVGAGITDQGEVPNGYNVSRSTTEDFPLRLLSAAPSQTSVYFCASSYGQGVVGYTFGSGTRLTVVEDLNKVFPPEVAVF,TRAV3,TRAJ40,TRBV6-5,TRBJ1-2,HLA-A*02,0
6490022,CTYSVSGNPYLFWYVQYPNRGLQFLLKYITGDNLVKGSYGFEAEFNKSQTSFHLKKPSALVSDSALYFCAVRDGSSGTYKYIFGTGTRLKVLANIQNPDPAVYQLRDSKSSDKSVCLFTDF,CCAALSLLWAGPVNAGVTQTPKFQVLKTGQSMTLQCAQDMNHEYMSWYRQDPGMGLRLIHYSVGAGITDQGEVPNGYNVSRSTTEDFPLRLLSAAPSQTSVYFCASSYGQGVVGYTFGSGTRLTVVEDLNKVFPPEVAVF,TRAV3,TRAJ40,TRBV6-5,TRBJ1-2,HLA-A*02,0
3691435,CTYSVSGNPYLFWYVQYPNRGLQFLLKYITGDNLVKGSYGFEAEFNKSQTSFHLKKPSALVSDSALYFCAVRDSELVYGANNLFFGTGTRLTVIPYIQNPDPAVYQLRDSKSSDKSVCLFTDF,CPDSVMGTRLLCWAALCLLGADHTGAGVSQTPSNKVTEKGKYVELRCDPISGHTALYWYRQSLGQGPEFLIYFQGTGAADDSGLPNDRFFAVRPEGSVSTLKIQRTERGDSAVYLCASGPSGGGDTQYFGPGTRLTVLEDLKNVFPPEVAVF,TRAV3,TRAJ36,TRBV7-3,TRBJ2-3,HLA-A*02,0
11212814,CTYSVSGNPYLFWYVQYPNRGLQFLLKYITGDNLVKGSYGFEAEFNKSQTSFHLKKPSALVSDSALYFCAVRDVDYGQNFVFGPGTRLSVLPYIQNPDPAVYQLRDSKSSDKSVCLFTDF,CWVLLCLLGAGPVKAGVTQTPRYLIKTRGQQVTLSCSPISGHRSVSWYQQTPGQGLQFLFEYFSETQRNKGNFPGRFSGRQFSNSRSEMNVSTLELGDSALYLCASSLAGGRREYTGELFFGEGSRLTVLEDLKNVFPPEVAVF,TRAV3,TRAJ26,TRBV5-1,TRBJ2-2,HLA-A*02,0
5020109,CVVSSMAQKVTQAQTEISVVEKEDVTLDCVYETRDTTYYLFWYKQPPSGELVFLIRRNSFDEQNEISGRYSWNFQKSTSSFNFTITASQVVDSAVYFCALIHGSSNTGKLIFGQGTTLQVKPDIQNPDPAVYQLRDSKSSDKSVCLFTDF,CLLGAKHIEAGVTQFPSHSVIEKGQTVTLRCDPISGHDNLYWYRRVMGKEIKFLLHFVKESKQDESGMPNNRFLAERTGGTYSTLKVQPAELEDSGVYFCASSQDRETQYFGPGTRLLVLEDLKNVFPPEVAVF,TRAV19,TRAJ37,TRBV14,TRBJ2-5,HLA-A*02,0
2538693,CVVSSMAQKVTQAQTEISVVEKEDVTLDCVYETRDTTYYLFWYKQPPSGELVFLIRRNSFDEQNEISGRYSWNFQKSTSSFNFTITASQVVDSAVYFCALSDLIQGAQKLVFGQGTRLTINPNIQNPDPAVYQLRDSKSSDKSVCLFTDF,CCLPLCAMGSRLLCWVLLCLLGAGPVKAGVTQTPRYLIKTRGQQVTLSCSPISGHRSVSWYQQTPGQGLQFLFEYFSETQRNKGNFPGRFSGRQFSNSRSEMNVSTLELGDSALYLCASSLALGTNTEAFFGQGTRLTVVEDLNKVFPPEVAVF,TRAV19,TRAJ54,TRBV5-1,TRBJ1-1,HLA-A*02,0
12698896,CVVSSMAQKVTQAQTEISVVEKEDVTLDCVYETRDTTYYLFWYKQPPSGELVFLIRRNSFDEQNEISGRYSWNFQKSTSSFNFTITASQVVDSAVYFCALSEAVTNAGKSTFGDGTTLTVKPNIQNPDPAVYQLRDSKSSDKSVCLFTDF,CWVLLCLLGAGPVKAGVTQTPRYLIKTRGQQVTLSCSPISGHRSVSWYQQTPGQGLQFLFEYFSETQRNKGNFPGRFSGRQFSNSRSEMNVSTLELGDSALYLCASAETYSSGLWTGELFFGEGSRLTVLEDLKNVFPPEVAVF,TRAV19,TRAJ27,TRBV5-1,TRBJ2-2,HLA-A*02,0
